Rank,Metropolitan Statistical Area,Population,Household Income1,San Francisco-Oakland-San Jose-California-CMSA,7239362,630242,New York-Northern New Jersey-Long Island-New York-New Jersey-Connecticut-Pennsylvania-CMSA,21199865,597993,Washington-Baltimore- District of Columbia-Maryland-Virginia-West Virginia-CMSA,7608070,572914,Anchorage-Alaska-MSA,260283,567875,Minneapolis-St. Paul- Minnesota-Wisconsin-CMSA,3615902,543046,Boston-Worcester-Lawrence-Massachusetts-New Hampshire-Maine-Connecticut-CMSA,5819101,527927,Hartford-Connecticut-MSA,1183110,521888,Atlanta-Georgia-MSA,4112198,519489,Honolulu- Hawaii-MSA,876156,5191410,Rochester-Minnesota-MSA,124277,5131611,Denver-Boulder-Greeley-Colorado-CMSA,2581506,5108812,Chicago-Gary-Kenosha- Illinois-Indiana-WisconsinCMSA,9157540,5104613,Bloomington-Normal- Illinois MSA CMSA,150433,5079514,Seattle-Tacoma-Bellevue- Washington-CMSA,3554760,5073315,New London-Norwich- Connecticut-Rhode Island and Providence Plantations MSA,293566,4928316,Madison- Wisconsin-MSA,726526,4922317,Detroit-Ann Arbor-Flint-Michigan-CMSA,5456428,4916018,Austin-San Marcos-Texas MSA,1249763,4895019,Raleigh-Durham-Cary-North Carolina-MSA,1187941,4884520,Fort Collins-Loveland-Colorado MSA,251494,4865521,Salt Lake City-Ogden-Utah MSA,1333914,4859422,Salinas-California MSA,401762,4830523,Naples-Florida MSA,251377,4828924,Philadelphia-Wilmington-Atlantic City-Pennsylvania-New Jersey-Delaware-Maryland-CMSA,6188463,4752825,Appleton-Oshkosh-Neenah- Wisconsin-MSA,358365,4743826,Dallas-Fort Worth- Texas-CMSA,5221801,4741827,San Diego- California-MSA,2813833,4706728,Colorado Springs- Colorado MSA,516929,4684429,Richmond-Petersburg- Virginia-MSA,996512,4680030,Burlington- Vermont MSA,169391,4673231,Santa Barbara-Santa Maria-Lompoc- California-MSA,399347,4667732,Des Moines- Iowa MSA,456022,4665133,Green Bay- Wisconsin-MSA,226778,4644734,Sheboygan- Wisconsin-MSA,112646,4623735,Cedar Rapids- Iowa-MSA,191701,4620636,Kansas City- Missouri-Kansas-MSA,1776062,4619337,Milwaukee-Racine- Wisconsin-CMSA,1689572,4613238,Charlotte-Gastonia-Rock Hill- North Carolina-South Carolina-MSA,1499293,4611939,Grand Rapids-Muskegon-Holland- Michigan MSA,1088514,4611640,Sacramento-Yolo- California-CMSA,1796857,4610641,Portland-Salem- Oregon-Washington-CMSA,2265223,4609042,Barnstable-Yarmouth- Massachusetts MSA,162591,4603443,Los Angeles-Riverside-Orange County- CaliforniaCMSA,16373645,4590344,Provo-Orem- Utah MSA,368536,4583345,Santa Fe- New Mexico MSA,147635,4582246,Reno- Nevada MSA,339486,4581547,Indianapolis- Indiana-MSA,1607486,4554848,Janesville-Beloit- Wisconsin-MSA,152307,4551749,Lancaster- Pennsylvania MSA,470658,4550750,York- Pennsylvania MSA,381751,4526851,Wausau- Wisconsin-MSA,125834,4516552,West Palm Beach-Boca Raton- Florida MSA,1131184,4506253,Rockford- Illinois MSA,371236,4498854,Omaha- Nebraska-Iowa MSA,716998,4498155,Cincinnati-Hamilton- Ohio-Kentucky-Indiana-CMSA,1979202,4491456,Richland-Kennewick-Pasco-Washington-MSA,191822,4488657,Columbus- Ohio MSA,1540157,4478258,Houston-Sugar Land-Baytown- Texas MSA,4669571,4476159,Phoenix-Mesa- Arizona-MSA,3251876,4475260,Reading- Pennsylvania MSA,373638,4471461,Portland- Maine MSA,243544,4470762,Kokomo- Indiana MSA,101541,4453163,Elkhart-Goshen- Indiana MSA,182791,4447864,Lansing-East Lansing- Michigan MSA,447728,4444165,St. Louis- Missouri-Illinois-MSA,2603607,4443766,Charlottesville- Virginia MSA,159576,4435667,Nashville-Tennessee-MSA,1231311,4422368,Rochester-New York MSA,1098201,4395569,Sioux Falls- South Dakota MSA,172412,4338770,Albany-Schenectady-Troy- New York-MSA,875583,4325071,Springfield- Illinois MSA,201437,4318072,Jackson- Michigan MSA,158422,4317173,Huntsville- Alabama-MSA,342376,4310474,Allentown-Bethlehem-Easton- Pennsylvania-New Jersey-MSA,637958,4309875,Harrisburg-Lebanon-Carlisle- Pennsylvania-MSA,629401,4302276,Peoria-Pekin- Illinois MSA,347387,4298677,Fort Wayne- Indiana MSA,502141,4281778,Wichita- Kansas MSA,545220,4265179,Boise City- Idaho MSA,432345,4257080,Las Vegas- Nevada-Arizona-MSA,1563282,4246881,Norfolk-Virginia Beach-Newport News- Virginia-North Carolina-MSA,1569541,4244882,Jacksonville- Florida MSA,1100491,4243983,San Luis Obispo-Atascadero-Paso Robles- California MSA,246681,4242884,St. Cloud- Minnesota MSA,167392,4232185,Cleveland-Akron- Ohio-CMSA,2945831,4221586,Corvallis- Oregon MSA,78153,4189787,Orlando- Florida-MSA,1644561,4187188,Lincoln- Nebraska MSA,250291,4185089,Providence-Fall River-Warwick- Rhode Island and Providence Plantations-Massachusetts MSA,1188613,4174890,Columbia- South Carolina MSA,536691,4167791,Dayton-Springfield- Ohio MSA,950558,4155092,Fort Walton Beach- Florida MSA,170498,4147493,Stockton-Lodi- California MSA,563598,4128294,Topeka- Kansas MSA,169871,4098895,Dover- Delaware MSA,126697,4095096,Greensboro-Winston-Salem-High Point- North Carolina-MSA,1251509,4091397,Louisville- Kentucky-Indiana MSA,1025598,4082198,Springfield- Massachusetts MSA,591960,4074099,Kalamazoo-Battle Creek- Michigan MSA,452851,40710100,Sarasota-Bradenton- Florida MSA,589959,40649101,Davenport-Moline-Rock Island- Iowa-Illinois-MSA,359062,40621102,South Bend- Indiana MSA,265559,40420103,Fort Myers-Cape Coral- Florida MSA,440888,40319104,Memphis- Tennessee-Arkansas-Mississippi MSA,1135614,40201105,Bismarck- North Dakota MSA,94719,40148106,Modesto- California MSA,446997,40101107,Melbourne-Titusville-Palm Bay- Florida MSA,476230,40099108,Iowa City- Iowa MSA,111006,40060109,Bellingham- Washington MSA,166814,40005110,Saginaw-Bay City-Midland- Michigan MSA,403070,39909111,Toledo- Ohio MSA,618203,39902112,Syracuse- New York MSA,732117,39750113,La Crosse- Wisconsin-Minnesota-MSA,126838,39692114,Savannah- Georgia MSA,293000,39622115,Cheyenne- Wyoming MSA,81607,39607116,Dubuque- Iowa MSA,89143,39582117,Charleston-North Charleston- South Carolina MSA,549033,39491118,Canton-Massillon- Ohio MSA,406934,39457119,Eau Claire- Wisconsin-MSA,148337,39372120,Lexington- Kentucky MSA,479198,39357121,Evansville-Henderson- Indiana-Kentucky MSA,296195,39307122,Roanoke- Virginia MSA,235932,39288123,Lima- Ohio MSA,155084,39284124,Birmingham-Hoover-Cullman- Alabama MSA,921106,39278125,Little Rock-North Little Rock- Arkansas MSA,583845,39145126,San Antonio- Texas MSA,1592383,39140127,Albuquerque- New Mexico MSA,712738,39088128,Lafayette- Indiana MSA,182821,39072129,Jackson- Mississippi MSA,440801,38887130,Victoria- Texas MSA,84088,38732131,Fort Pierce-Port St. Lucie- Florida MSA,319426,38724132,Miami-Fort Lauderdale- Florida-CMSA,3876380,38632133,Wilmington- North Carolina MSA,233450,38632134,Benton Harbor- Michigan MSA,162453,38567135,Macon- Georgia MSA,322549,38565136,Sioux City- Iowa-Nebraska MSA,124130,38563137,Glens Falls- New York MSA,124345,38526138,Pittsfield- Massachusetts MSA,84708,38515139,Buffalo-Niagara Falls- New York MSA,1170111,38488140,Greenville-Spartanburg-Anderson- South CarolinaMSA,962441,38458141,Baton Rouge- Louisiana-MSA,602894,38438142,Tulsa- Oklahoma MSA,803235,38261143,Augusta-Aiken- Georgia-South Carolina MSA,477441,38103144,Fargo-Moorhead- North Dakota-Minnesota-MSA,174367,38069145,Flagstaff- Arizona-Utah MSA,122366,37971146,Decatur- Illinois MSA,114706,37859147,Hickory-Morganton-Lenoir- North Carolina MSA,341851,37818148,Champaign-Urbana- Illinois-MSA,179669,37780149,Montgomery- Alabama MSA,333055,37619150,Lawrence- Kansas MSA,99962,37547151,Columbia- Missouri MSA,135454,37485152,Rapid City- South Dakota MSA,88565,37485153,Pittsburgh- Pennsylvania MSA,2358695,37467154,Fayetteville- North Carolina MSA,302963,37466155,Chattanooga- Tennessee-Georgia MSA,465161,37411156,Tampa-St. Petersburg-Clearwater- Florida-MSA,2395997,37406157,Fayetteville-Springdale-Rogers- Arkansas-MissouriMSA,311121,37322158,Spokane- Washington MSA,417939,37308159,Waterloo-Cedar Falls- Iowa MSA,128012,37266160,Sherman-Denison- Texas MSA,110595,37178161,Tyler- Texas MSA,174706,37148162,Mansfield- Ohio MSA,175818,37060163,Lynchburg- Virginia MSA,214911,37010164,Pensacola- Florida MSA,412153,36975165,Eugene-Springfield- Oregon MSA,322959,36942166,Knoxville- Tennessee MSA,687249,36874167,Owensboro- Kentucky MSA,91545,36813168,Oklahoma City- Oklahoma MSA,1083346,36797169,Tucson- Arizona MSA,843746,36758170,Billings- Montana MSA,129352,36727171,Pocatello- Idaho MSA,75565,36683172,Killeen-Temple- Texas MSA,312952,36669173,Biloxi-Gulfport-Pascagoula- Mississippi MSA,363988,36662174,Jackson- Tennessee MSA,107377,36649175,Erie- Pennsylvania MSA,280843,36627176,Casper- Wyoming MSA,66533,36619177,Myrtle Beach- South Carolina MSA,196629,36470178,Medford-Ashland- Oregon MSA,181269,36461179,Tallahassee- Florida MSA,284539,36441180,Elmira- New York MSA,91070,36415181,Punta Gorda- Florida MSA,141627,36379182,Binghamton- New York MSA,252320,36374183,Clarksville-Hopkinsville- Tennessee-Kentucky MSA,207033,36313184,Decatur- Alabama MSA,145867,36299185,Youngstown-Warren- Ohio MSA,594746,36255186,Asheville- North Carolina MSA,225965,36179187,State College- Pennsylvania MSA,135758,36165188,Panama City- Florida MSA,148217,36092189,Duluth-Superior- Minnesota-Wisconsin MSA,243815,36081190,Lakeland-Winter Haven- Florida MSA,483924,36036191,Grand Junction- Colorado MSA,116255,35864192,Bangor- Maine MSA,90842,35837193,Corpus Christi- Texas MSA,380783,35773194,Daytona Beach- Florida MSA,493175,35722195,Amarillo- Texas MSA,217858,35679196,St. Joseph- Missouri MSA,102490,35675197,Beaumont-Port Arthur- Texas MSA,385090,35669198,Mobile- Alabama MSA,540258,35629199,Grand Forks- North Dakota-Minnesota-MSA,97478,35562200,Merced- California MSA,210554,35532201,Bakersfield- California MSA,661645,35446202,Charleston- West Virginia metropolitan area,251662,35418203,Lake Charles- Louisiana MSA,183577,35372204,New Orleans- Louisiana MSA,1337726,35317205,Utica-Rome- New York MSA,299896,35292206,Lewiston-Auburn- Maine MSA,90830,35244207,Florence- South Carolina MSA,125761,35144208,Houma- Louisiana MSA,194477,35089209,Fresno- California MSA,922516,34960210,Albany- Georgia MSA,120822,34829211,Yakima- Washington MSA,222581,34828212,Rocky Mount- North Carolina MSA,143026,34795213,Midland-Odessa- Texas-CSA,237132,34773214,Sharon- Pennsylvania MSA,120293,34666215,Springfield- Missouri MSA,325721,34661216,Muncie- Indiana MSA,118769,34659217,Yuba City- California MSA,139149,34658218,Columbus- Georgia-Alabama MSA,274624,34512219,Missoula- Montana MSA,95802,34454220,Tuscaloosa- Alabama MSA,164875,34436221,Redding- California MSA,163256,34335222,Longview-Marshall- Texas MSA,208780,34253223,Terre Haute- Indiana MSA,149192,34222224,Scranton-Wilkes-Barre-Hazleton- Pennsylvania MSA,624776,34161225,Wichita Falls- Texas MSA,140518,34098226,Abilene- Texas MSA,126555,34035227,Williamsport- Pennsylvania MSA,120044,34016228,Visalia-Tulare-Porterville- California MSA,368021,33983229,Goldsboro- North Carolina MSA,113329,33942230,Lawton- Oklahoma MSA,114996,33867231,Jacksonville- North Carolina MSA,150355,33756232,Parkersburg-Marietta- West Virginia-Ohio MSA,151237,33696233,Waco- Texas MSA,213517,33560234,Jamestown- New York MSA,139750,33458235,Dothan- Alabama MSA,137916,33455236,Athens- Georgia MSA,153444,33416237,Bloomington- Indiana MSA,120563,33311238,Sumter- South Carolina MSA,104646,33278239,San Angelo- Texas MSA,104010,33148240,Enid- Oklahoma MSA,57813,33006241,Great Falls- Montana MSA,80357,32971242,Greenville- North Carolina MSA,133798,32868243,Altoona- Pennsylvania MSA,129144,32861244,Pueblo- Colorado MSA,141472,32775245,Florence- Alabama MSA,142950,32704246,Shreveport-Bossier City- Louisiana MSA,392302,32558247,Joplin- Missouri MSA,157322,32446248,Jonesboro- Arkansas MSA,82148,32425249,Fort Smith- Arkansas-Oklahoma MSA,207290,32399250,Texarkana- Texas-Texarkana- Arkansas MSA,129749,32238251,Lubbock- Texas MSA,242628,32198252,Yuma- Arizona MSA,160026,32182253,Monroe- Louisiana MSA,147250,32047254,Steubenville-Weirton- Ohio-West Virginia MSA,132008,31982255,Ocala- Florida MSA,258916,31944256,Chico-Paradise- California MSA,203171,31924257,Anniston- Alabama MSA,112249,31768258,Johnson City-Kingsport-Bristol- Tennessee-VirginiaCSA,480091,31596259,Gainesville- Florida MSA,217955,31426260,Pine Bluff- Arkansas MSA,84278,31327261,Danville- Virginia MSA,110156,31201262,Gadsden- Alabama MSA,103459,31170263,El Paso- Texas MSA,679622,31051264,Lafayette- Louisiana MSA,385647,30998265,Hattiesburg- Mississippi MSA,111674,30981266,Auburn-Opelika- Alabama MSA,115092,30952267,Cumberland- Maryland-West Virginia MSA,102008,30916268,Johnstown- Pennsylvania MSA,232621,30442269,Wheeling- West Virginia-Ohio MSA,153172,30335270,Alexandria- Louisiana MSA,126337,29856271,Las Cruces- New Mexico MSA,174682,29808272,Huntington-Ashland- West Virginia-Kentucky-Ohio MSA,315538,29415273,Bryan-College Station- Texas MSA,152415,29104274,Laredo- Texas MSA,193117,28100275,Brownsville-Harlingen-San Benito- Texas MSA,335227,26155276,McAllen-Edinburg-Mission- Texas MSA,569463,24863277,San Juan-Caguas-Arecibo- Puerto Rico CMSA,2450292,16203278,Mayag¨¹ez-Puerto Rico MSA,253347,12707279,Ponce-Puerto Rico MSA,361094,12505280,Aguadilla-Puerto Rico MSA,146424,11385